observation_date,IHLIDXUS
2020-03-28,83.93
2020-03-29,82.53
2020-03-30,81.37
2020-03-31,80.17
2020-04-01,79.02
2020-04-02,77.88
2020-04-03,77.01
2020-04-04,75.89
2020-04-05,74.77
2020-04-06,73.68
2020-04-07,72.58
2020-04-08,71.70
2020-04-09,70.85
2020-04-10,69.96
2020-04-11,69.39
2020-04-12,68.88
2020-04-13,68.31
2020-04-14,67.82
2020-04-15,67.26
2020-04-16,66.80
2020-04-17,66.33
2020-04-18,65.90
2020-04-19,65.47
2020-04-20,65.09
2020-04-21,64.74
2020-04-22,64.35
2020-04-23,63.99
2020-04-24,63.68
2020-04-25,63.43
2020-04-26,63.16
2020-04-27,62.89
2020-04-28,62.60
2020-04-29,62.40
2020-04-30,62.26
2020-05-01,62.22
2020-05-02,62.11
2020-05-03,62.01
2020-05-04,61.89
2020-05-05,61.81
2020-05-06,61.81
2020-05-07,61.84
2020-05-08,61.81
2020-05-09,61.88
2020-05-10,62.01
2020-05-11,62.07
2020-05-12,62.15
2020-05-13,61.86
2020-05-14,61.80
2020-05-15,62.03
2020-05-16,62.11
2020-05-17,62.22
2020-05-18,62.42
2020-05-19,62.59
2020-05-20,63.09
2020-05-21,63.41
2020-05-22,63.58
2020-05-23,63.85
2020-05-24,64.01
2020-05-25,64.07
2020-05-26,64.13
2020-05-27,64.19
2020-05-28,64.19
2020-05-29,64.31
2020-05-30,64.60
2020-05-31,64.84
2020-06-01,65.16
2020-06-02,65.58
2020-06-03,66.04
2020-06-04,66.53
2020-06-05,66.88
2020-06-06,67.13
2020-06-07,67.44
2020-06-08,67.70
2020-06-09,67.92
2020-06-10,68.13
2020-06-11,68.35
2020-06-12,68.57
2020-06-13,68.77
2020-06-14,69.07
2020-06-15,69.52
2020-06-16,69.91
2020-06-17,70.30
2020-06-18,70.72
2020-06-19,71.13
2020-06-20,71.64
2020-06-21,72.17
2020-06-22,72.58
2020-06-23,72.77
2020-06-24,72.96
2020-06-25,73.12
2020-06-26,73.21
2020-06-27,73.21
2020-06-28,73.01
2020-06-29,73.18
2020-06-30,73.61
2020-07-01,74.04
2020-07-02,74.28
2020-07-03,74.60
2020-07-04,74.89
2020-07-05,75.32
2020-07-06,75.39
2020-07-07,75.46
2020-07-08,75.61
2020-07-09,75.99
2020-07-10,76.34
2020-07-11,76.77
2020-07-12,77.13
2020-07-13,77.47
2020-07-14,77.83
2020-07-15,78.05
2020-07-16,78.22
2020-07-17,78.37
2020-07-18,78.32
2020-07-19,78.44
2020-07-20,78.63
2020-07-21,78.83
2020-07-22,79.14
2020-07-23,79.48
2020-07-24,79.85
2020-07-25,80.38
2020-07-26,80.78
2020-07-27,81.09
2020-07-28,81.40
2020-07-29,81.65
2020-07-30,81.85
2020-07-31,82.01
2020-08-01,82.18
2020-08-02,82.33
2020-08-03,82.50
2020-08-04,82.56
2020-08-05,82.62
2020-08-06,82.61
2020-08-07,82.63
2020-08-08,82.61
2020-08-09,82.57
2020-08-10,82.54
2020-08-11,82.58
2020-08-12,82.53
2020-08-13,82.54
2020-08-14,82.52
2020-08-15,82.35
2020-08-16,82.39
2020-08-17,82.43
2020-08-18,82.44
2020-08-19,82.57
2020-08-20,82.73
2020-08-21,82.84
2020-08-22,83.11
2020-08-23,83.18
2020-08-24,83.25
2020-08-25,83.36
2020-08-26,83.44
2020-08-27,83.46
2020-08-28,83.54
2020-08-29,83.66
2020-08-30,83.78
2020-08-31,83.90
2020-09-01,84.02
2020-09-02,84.16
2020-09-03,84.37
2020-09-04,84.56
2020-09-05,84.65
2020-09-06,84.80
2020-09-07,84.99
2020-09-08,85.03
2020-09-09,85.07
2020-09-10,85.21
2020-09-11,85.39
2020-09-12,85.57
2020-09-13,85.65
2020-09-14,85.66
2020-09-15,85.84
2020-09-16,86.06
2020-09-17,86.27
2020-09-18,86.45
2020-09-19,86.60
2020-09-20,86.86
2020-09-21,87.10
2020-09-22,87.33
2020-09-23,87.53
2020-09-24,87.62
2020-09-25,87.72
2020-09-26,87.80
2020-09-27,87.89
2020-09-28,88.04
2020-09-29,88.23
2020-09-30,88.45
2020-10-01,88.56
2020-10-02,88.72
2020-10-03,88.95
2020-10-04,89.12
2020-10-05,89.26
2020-10-06,89.31
2020-10-07,89.40
2020-10-08,89.60
2020-10-09,89.71
2020-10-10,89.86
2020-10-11,90.02
2020-10-12,90.23
2020-10-13,90.38
2020-10-14,90.42
2020-10-15,90.51
2020-10-16,90.55
2020-10-17,90.44
2020-10-18,90.40
2020-10-19,90.39
2020-10-20,90.50
2020-10-21,90.64
2020-10-22,90.78
2020-10-23,90.88
2020-10-24,91.10
2020-10-25,91.22
2020-10-26,91.28
2020-10-27,91.35
2020-10-28,91.39
2020-10-29,91.37
2020-10-30,91.42
2020-10-31,91.49
2020-11-01,91.63
2020-11-02,91.87
2020-11-03,91.98
2020-11-04,92.11
2020-11-05,92.27
2020-11-06,92.44
2020-11-07,92.69
2020-11-08,92.87
2020-11-09,92.94
2020-11-10,93.12
2020-11-11,93.29
2020-11-12,93.43
2020-11-13,93.55
2020-11-14,93.35
2020-11-15,93.37
2020-11-16,93.40
2020-11-17,93.40
2020-11-18,93.43
2020-11-19,93.45
2020-11-20,93.48
2020-11-21,93.75
2020-11-22,93.91
2020-11-23,94.08
2020-11-24,94.23
2020-11-25,94.32
2020-11-26,94.48
2020-11-27,94.57
2020-11-28,94.60
2020-11-29,94.48
2020-11-30,94.41
2020-12-01,94.32
2020-12-02,94.31
2020-12-03,94.28
2020-12-04,94.28
2020-12-05,94.37
2020-12-06,94.46
2020-12-07,94.55
2020-12-08,94.65
2020-12-09,94.68
2020-12-10,94.67
2020-12-11,94.76
2020-12-12,94.75
2020-12-13,94.94
2020-12-14,95.11
2020-12-15,95.26
2020-12-16,95.42
2020-12-17,95.51
2020-12-18,95.53
2020-12-19,95.62
2020-12-20,95.56
2020-12-21,95.46
2020-12-22,95.45
2020-12-23,95.40
2020-12-24,95.39
2020-12-25,95.32
2020-12-26,95.29
2020-12-27,95.29
2020-12-28,95.33
2020-12-29,95.35
2020-12-30,95.45
2020-12-31,95.47
2021-01-01,95.51
2021-01-02,95.52
2021-01-03,95.46
2021-01-04,95.43
2021-01-05,95.37
2021-01-06,95.47
2021-01-07,95.68
2021-01-08,96.06
2021-01-09,96.41
2021-01-10,96.88
2021-01-11,97.29
2021-01-12,97.63
2021-01-13,97.80
2021-01-14,98.04
2021-01-15,98.16
2021-01-16,98.35
2021-01-17,98.41
2021-01-18,98.50
2021-01-19,98.70
2021-01-20,98.89
2021-01-21,98.99
2021-01-22,99.08
2021-01-23,98.99
2021-01-24,99.11
2021-01-25,99.26
2021-01-26,99.30
2021-01-27,99.35
2021-01-28,99.52
2021-01-29,99.66
2021-01-30,99.99
2021-01-31,100.18
2021-02-01,100.39
2021-02-02,100.71
2021-02-03,100.91
2021-02-04,100.90
2021-02-05,101.16
2021-02-06,101.33
2021-02-07,101.57
2021-02-08,101.73
2021-02-09,101.86
2021-02-10,102.17
2021-02-11,102.63
2021-02-12,102.93
2021-02-13,103.29
2021-02-14,103.52
2021-02-15,103.84
2021-02-16,104.14
2021-02-17,104.34
2021-02-18,104.48
2021-02-19,104.60
2021-02-20,104.56
2021-02-21,104.69
2021-02-22,104.80
2021-02-23,104.88
2021-02-24,105.06
2021-02-25,105.27
2021-02-26,105.46
2021-02-27,105.78
2021-02-28,105.97
2021-03-01,106.02
2021-03-02,106.18
2021-03-03,106.34
2021-03-04,106.60
2021-03-05,106.89
2021-03-06,107.14
2021-03-07,107.44
2021-03-08,107.82
2021-03-09,108.21
2021-03-10,108.49
2021-03-11,108.76
2021-03-12,109.04
2021-03-13,109.53
2021-03-14,109.85
2021-03-15,110.16
2021-03-16,110.49
2021-03-17,110.83
2021-03-18,111.18
2021-03-19,111.49
2021-03-20,111.74
2021-03-21,112.13
2021-03-22,112.50
2021-03-23,112.94
2021-03-24,113.41
2021-03-25,113.79
2021-03-26,114.23
2021-03-27,114.77
2021-03-28,115.22
2021-03-29,115.67
2021-03-30,116.20
2021-03-31,116.81
2021-04-01,117.35
2021-04-02,117.79
2021-04-03,118.16
2021-04-04,118.65
2021-04-05,119.21
2021-04-06,119.56
2021-04-07,119.77
2021-04-08,120.05
2021-04-09,120.41
2021-04-10,120.59
2021-04-11,120.70
2021-04-12,120.84
2021-04-13,121.01
2021-04-14,121.27
2021-04-15,121.58
2021-04-16,121.85
2021-04-17,122.31
2021-04-18,122.77
2021-04-19,123.15
2021-04-20,123.53
2021-04-21,123.90
2021-04-22,124.23
2021-04-23,124.58
2021-04-24,124.87
2021-04-25,125.10
2021-04-26,125.30
2021-04-27,125.53
2021-04-28,125.71
2021-04-29,125.91
2021-04-30,126.07
2021-05-01,126.18
2021-05-02,126.26
2021-05-03,126.39
2021-05-04,126.51
2021-05-05,126.63
2021-05-06,126.80
2021-05-07,126.73
2021-05-08,126.94
2021-05-09,127.26
2021-05-10,127.52
2021-05-11,127.78
2021-05-12,128.12
2021-05-13,128.41
2021-05-14,128.86
2021-05-15,129.02
2021-05-16,129.14
2021-05-17,129.27
2021-05-18,129.40
2021-05-19,129.37
2021-05-20,129.39
2021-05-21,129.36
2021-05-22,129.24
2021-05-23,129.35
2021-05-24,129.41
2021-05-25,129.47
2021-05-26,129.63
2021-05-27,129.79
2021-05-28,130.05
2021-05-29,130.49
2021-05-30,130.74
2021-05-31,131.07
2021-06-01,131.19
2021-06-02,131.30
2021-06-03,131.42
2021-06-04,131.57
2021-06-05,131.64
2021-06-06,131.71
2021-06-07,131.70
2021-06-08,131.86
2021-06-09,132.05
2021-06-10,132.20
2021-06-11,132.33
2021-06-12,132.49
2021-06-13,132.59
2021-06-14,132.81
2021-06-15,133.13
2021-06-16,133.30
2021-06-17,133.42
2021-06-18,133.48
2021-06-19,133.66
2021-06-20,133.80
2021-06-21,134.01
2021-06-22,134.01
2021-06-23,134.19
2021-06-24,134.44
2021-06-25,134.72
2021-06-26,134.95
2021-06-27,135.22
2021-06-28,135.42
2021-06-29,135.72
2021-06-30,135.96
2021-07-01,136.20
2021-07-02,136.23
2021-07-03,136.36
2021-07-04,136.46
2021-07-05,136.57
2021-07-06,136.61
2021-07-07,136.63
2021-07-08,136.65
2021-07-09,136.90
2021-07-10,136.89
2021-07-11,136.90
2021-07-12,136.87
2021-07-13,136.96
2021-07-14,137.00
2021-07-15,137.09
2021-07-16,137.13
2021-07-17,137.32
2021-07-18,137.62
2021-07-19,137.98
2021-07-20,138.30
2021-07-21,138.36
2021-07-22,138.22
2021-07-23,138.09
2021-07-24,137.88
2021-07-25,137.53
2021-07-26,137.08
2021-07-27,136.70
2021-07-28,136.57
2021-07-29,136.53
2021-07-30,136.34
2021-07-31,136.48
2021-08-01,136.57
2021-08-02,136.72
2021-08-03,136.77
2021-08-04,136.89
2021-08-05,137.05
2021-08-06,137.44
2021-08-07,137.44
2021-08-08,137.58
2021-08-09,137.71
2021-08-10,137.90
2021-08-11,138.00
2021-08-12,138.19
2021-08-13,138.34
2021-08-14,138.60
2021-08-15,138.77
2021-08-16,138.92
2021-08-17,139.09
2021-08-18,139.29
2021-08-19,139.48
2021-08-20,139.66
2021-08-21,139.89
2021-08-22,140.19
2021-08-23,140.46
2021-08-24,140.62
2021-08-25,140.88
2021-08-26,141.01
2021-08-27,141.09
2021-08-28,141.15
2021-08-29,141.23
2021-08-30,141.34
2021-08-31,141.46
2021-09-01,141.46
2021-09-02,141.54
2021-09-03,141.67
2021-09-04,141.71
2021-09-05,141.84
2021-09-06,142.05
2021-09-07,142.10
2021-09-08,142.30
2021-09-09,142.43
2021-09-10,142.38
2021-09-11,142.40
2021-09-12,142.31
2021-09-13,142.17
2021-09-14,142.38
2021-09-15,142.55
2021-09-16,142.65
2021-09-17,142.93
2021-09-18,143.23
2021-09-19,143.55
2021-09-20,143.84
2021-09-21,143.91
2021-09-22,144.01
2021-09-23,144.15
2021-09-24,144.22
2021-09-25,144.23
2021-09-26,144.21
2021-09-27,144.25
2021-09-28,144.38
2021-09-29,144.46
2021-09-30,144.59
2021-10-01,144.79
2021-10-02,145.08
2021-10-03,145.29
2021-10-04,145.49
2021-10-05,145.61
2021-10-06,145.74
2021-10-07,145.84
2021-10-08,145.94
2021-10-09,146.11
2021-10-10,146.21
2021-10-11,146.33
2021-10-12,146.38
2021-10-13,146.36
2021-10-14,146.44
2021-10-15,146.57
2021-10-16,146.41
2021-10-17,146.53
2021-10-18,146.54
2021-10-19,146.78
2021-10-20,147.00
2021-10-21,147.20
2021-10-22,147.40
2021-10-23,147.77
2021-10-24,147.89
2021-10-25,148.11
2021-10-26,148.21
2021-10-27,148.37
2021-10-28,148.47
2021-10-29,148.51
2021-10-30,148.65
2021-10-31,148.80
2021-11-01,149.06
2021-11-02,149.45
2021-11-03,149.72
2021-11-04,149.97
2021-11-05,150.30
2021-11-06,150.38
2021-11-07,150.74
2021-11-08,150.98
2021-11-09,151.06
2021-11-10,151.29
2021-11-11,151.73
2021-11-12,151.98
2021-11-13,152.34
2021-11-14,152.52
2021-11-15,152.77
2021-11-16,153.11
2021-11-17,153.41
2021-11-18,153.53
2021-11-19,153.84
2021-11-20,153.93
2021-11-21,154.30
2021-11-22,154.66
2021-11-23,154.84
2021-11-24,154.99
2021-11-25,155.09
2021-11-26,155.08
2021-11-27,155.33
2021-11-28,155.18
2021-11-29,154.96
2021-11-30,154.92
2021-12-01,154.86
2021-12-02,155.00
2021-12-03,155.08
2021-12-04,155.43
2021-12-05,155.81
2021-12-06,156.27
2021-12-07,156.61
2021-12-08,156.99
2021-12-09,157.22
2021-12-10,157.56
2021-12-11,157.44
2021-12-12,157.62
2021-12-13,157.75
2021-12-14,158.00
2021-12-15,158.12
2021-12-16,158.16
2021-12-17,158.39
2021-12-18,158.72
2021-12-19,158.83
2021-12-20,158.90
2021-12-21,158.69
2021-12-22,158.50
2021-12-23,158.38
2021-12-24,158.04
2021-12-25,157.79
2021-12-26,157.50
2021-12-27,157.34
2021-12-28,157.46
2021-12-29,157.55
2021-12-30,157.62
2021-12-31,157.60
2022-01-01,157.53
2022-01-02,157.38
2022-01-03,157.10
2022-01-04,156.89
2022-01-05,156.73
2022-01-06,156.63
2022-01-07,156.65
2022-01-08,156.55
2022-01-09,156.69
2022-01-10,156.84
2022-01-11,156.81
2022-01-12,156.84
2022-01-13,156.85
2022-01-14,156.45
2022-01-15,156.60
2022-01-16,156.53
2022-01-17,156.45
2022-01-18,156.47
2022-01-19,156.52
2022-01-20,156.52
2022-01-21,156.88
2022-01-22,156.73
2022-01-23,156.74
2022-01-24,156.76
2022-01-25,156.84
2022-01-26,156.88
2022-01-27,156.97
2022-01-28,157.10
2022-01-29,157.37
2022-01-30,157.62
2022-01-31,157.76
2022-02-01,157.90
2022-02-02,158.07
2022-02-03,158.25
2022-02-04,158.40
2022-02-05,158.53
2022-02-06,158.60
2022-02-07,158.75
2022-02-08,158.81
2022-02-09,158.93
2022-02-10,159.08
2022-02-11,159.25
2022-02-12,159.44
2022-02-13,159.56
2022-02-14,159.59
2022-02-15,159.71
2022-02-16,159.86
2022-02-17,159.91
2022-02-18,159.98
2022-02-19,159.87
2022-02-20,160.02
2022-02-21,160.24
2022-02-22,160.25
2022-02-23,160.21
2022-02-24,160.32
2022-02-25,160.40
2022-02-26,160.69
2022-02-27,160.68
2022-02-28,160.64
2022-03-01,160.69
2022-03-02,160.71
2022-03-03,160.63
2022-03-04,160.59
2022-03-05,160.42
2022-03-06,160.45
2022-03-07,160.44
2022-03-08,160.51
2022-03-09,160.63
2022-03-10,160.64
2022-03-11,160.67
2022-03-12,160.80
2022-03-13,160.82
2022-03-14,160.83
2022-03-15,160.80
2022-03-16,160.81
2022-03-17,160.94
2022-03-18,160.91
2022-03-19,160.80
2022-03-20,160.72
2022-03-21,160.63
2022-03-22,160.66
2022-03-23,160.44
2022-03-24,160.40
2022-03-25,160.49
2022-03-26,160.62
2022-03-27,160.80
2022-03-28,160.92
2022-03-29,160.92
2022-03-30,161.30
2022-03-31,161.50
2022-04-01,161.51
2022-04-02,161.48
2022-04-03,161.39
2022-04-04,161.35
2022-04-05,161.35
2022-04-06,161.10
2022-04-07,160.85
2022-04-08,160.74
2022-04-09,160.35
2022-04-10,159.83
2022-04-11,159.34
2022-04-12,158.94
2022-04-13,158.60
2022-04-14,158.32
2022-04-15,158.11
2022-04-16,158.27
2022-04-17,158.58
2022-04-18,158.89
2022-04-19,159.22
2022-04-20,159.50
2022-04-21,159.79
2022-04-22,160.19
2022-04-23,160.54
2022-04-24,160.59
2022-04-25,160.67
2022-04-26,160.73
2022-04-27,160.35
2022-04-28,160.27
2022-04-29,160.05
2022-04-30,159.78
2022-05-01,160.24
2022-05-02,160.23
2022-05-03,160.20
2022-05-04,160.63
2022-05-05,160.59
2022-05-06,160.60
2022-05-07,160.60
2022-05-08,160.13
2022-05-09,160.16
2022-05-10,160.21
2022-05-11,160.12
2022-05-12,160.20
2022-05-13,160.14
2022-05-14,160.15
2022-05-15,160.24
2022-05-16,160.32
2022-05-17,160.31
2022-05-18,160.56
2022-05-19,160.65
2022-05-20,160.80
2022-05-21,160.70
2022-05-22,160.81
2022-05-23,160.85
2022-05-24,160.96
2022-05-25,160.83
2022-05-26,160.67
2022-05-27,160.58
2022-05-28,160.70
2022-05-29,160.54
2022-05-30,160.44
2022-05-31,160.21
2022-06-01,160.08
2022-06-02,160.04
2022-06-03,159.88
2022-06-04,159.77
2022-06-05,159.60
2022-06-06,159.40
2022-06-07,159.35
2022-06-08,159.24
2022-06-09,159.07
2022-06-10,158.90
2022-06-11,158.71
2022-06-12,158.60
2022-06-13,158.52
2022-06-14,158.46
2022-06-15,158.42
2022-06-16,158.34
2022-06-17,158.36
2022-06-18,158.36
2022-06-19,158.40
2022-06-20,158.41
2022-06-21,158.34
2022-06-22,158.27
2022-06-23,158.30
2022-06-24,158.18
2022-06-25,157.86
2022-06-26,157.58
2022-06-27,157.27
2022-06-28,156.95
2022-06-29,157.02
2022-06-30,157.03
2022-07-01,157.06
2022-07-02,157.19
2022-07-03,157.23
2022-07-04,157.20
2022-07-05,157.27
2022-07-06,156.82
2022-07-07,156.47
2022-07-08,156.24
2022-07-09,155.99
2022-07-10,155.85
2022-07-11,155.83
2022-07-12,155.72
2022-07-13,155.70
2022-07-14,155.60
2022-07-15,155.50
2022-07-16,155.46
2022-07-17,155.37
2022-07-18,155.21
2022-07-19,155.12
2022-07-20,155.02
2022-07-21,154.91
2022-07-22,154.91
2022-07-23,154.79
2022-07-24,154.80
2022-07-25,154.83
2022-07-26,154.85
2022-07-27,154.92
2022-07-28,155.02
2022-07-29,154.94
2022-07-30,155.07
2022-07-31,155.04
2022-08-01,155.02
2022-08-02,154.96
2022-08-03,154.93
2022-08-04,154.86
2022-08-05,154.90
2022-08-06,154.91
2022-08-07,154.92
2022-08-08,154.87
2022-08-09,154.81
2022-08-10,154.66
2022-08-11,154.55
2022-08-12,154.40
2022-08-13,154.11
2022-08-14,153.93
2022-08-15,153.78
2022-08-16,153.64
2022-08-17,153.52
2022-08-18,153.38
2022-08-19,153.22
2022-08-20,153.18
2022-08-21,153.04
2022-08-22,152.92
2022-08-23,152.78
2022-08-24,152.72
2022-08-25,152.69
2022-08-26,152.66
2022-08-27,152.66
2022-08-28,152.59
2022-08-29,152.45
2022-08-30,152.39
2022-08-31,152.33
2022-09-01,152.27
2022-09-02,152.14
2022-09-03,152.07
2022-09-04,152.09
2022-09-05,152.10
2022-09-06,151.99
2022-09-07,151.85
2022-09-08,151.72
2022-09-09,151.63
2022-09-10,151.55
2022-09-11,151.35
2022-09-12,151.25
2022-09-13,151.27
2022-09-14,151.14
2022-09-15,151.04
2022-09-16,150.98
2022-09-17,150.85
2022-09-18,150.81
2022-09-19,150.65
2022-09-20,150.41
2022-09-21,150.30
2022-09-22,150.16
2022-09-23,150.09
2022-09-24,150.04
2022-09-25,150.00
2022-09-26,150.01
2022-09-27,150.13
2022-09-28,150.15
2022-09-29,150.11
2022-09-30,149.99
2022-10-01,149.89
2022-10-02,149.81
2022-10-03,149.75
2022-10-04,149.55
2022-10-05,149.47
2022-10-06,149.41
2022-10-07,149.36
2022-10-08,149.32
2022-10-09,149.19
2022-10-10,149.11
2022-10-11,149.10
2022-10-12,149.04
2022-10-13,149.11
2022-10-14,149.13
2022-10-15,149.05
2022-10-16,149.10
2022-10-17,149.05
2022-10-18,149.03
2022-10-19,148.95
2022-10-20,148.79
2022-10-21,148.70
2022-10-22,148.38
2022-10-23,148.21
2022-10-24,148.09
2022-10-25,147.96
2022-10-26,147.87
2022-10-27,147.82
2022-10-28,147.70
2022-10-29,147.89
2022-10-30,147.87
2022-10-31,147.89
2022-11-01,147.86
2022-11-02,147.89
2022-11-03,147.86
2022-11-04,147.93
2022-11-05,147.96
2022-11-06,147.97
2022-11-07,148.02
2022-11-08,148.17
2022-11-09,148.27
2022-11-10,148.40
2022-11-11,148.43
2022-11-12,148.51
2022-11-13,148.56
2022-11-14,148.53
2022-11-15,148.51
2022-11-16,148.49
2022-11-17,148.45
2022-11-18,148.38
2022-11-19,148.20
2022-11-20,148.14
2022-11-21,148.08
2022-11-22,148.03
2022-11-23,147.94
2022-11-24,147.82
2022-11-25,147.77
2022-11-26,147.77
2022-11-27,147.68
2022-11-28,147.57
2022-11-29,147.37
2022-11-30,147.26
2022-12-01,147.12
2022-12-02,146.89
2022-12-03,146.71
2022-12-04,146.48
2022-12-05,146.32
2022-12-06,146.14
2022-12-07,145.87
2022-12-08,145.57
2022-12-09,145.51
2022-12-10,145.31
2022-12-11,145.21
2022-12-12,145.10
2022-12-13,145.07
2022-12-14,145.19
2022-12-15,145.31
2022-12-16,145.27
2022-12-17,145.39
2022-12-18,145.44
2022-12-19,145.45
2022-12-20,145.40
2022-12-21,145.28
2022-12-22,145.22
2022-12-23,145.03
2022-12-24,144.84
2022-12-25,144.66
2022-12-26,144.52
2022-12-27,144.39
2022-12-28,144.21
2022-12-29,144.02
2022-12-30,143.97
2022-12-31,143.81
2023-01-01,143.63
2023-01-02,143.42
2023-01-03,143.20
2023-01-04,142.88
2023-01-05,142.55
2023-01-06,142.28
2023-01-07,142.13
2023-01-08,142.07
2023-01-09,141.95
2023-01-10,141.91
2023-01-11,142.01
2023-01-12,142.09
2023-01-13,142.13
2023-01-14,142.01
2023-01-15,141.86
2023-01-16,141.79
2023-01-17,141.65
2023-01-18,141.50
2023-01-19,141.44
2023-01-20,141.34
2023-01-21,141.27
2023-01-22,141.25
2023-01-23,141.17
2023-01-24,141.12
2023-01-25,141.08
2023-01-26,140.99
2023-01-27,140.89
2023-01-28,140.86
2023-01-29,140.75
2023-01-30,140.62
2023-01-31,140.51
2023-02-01,140.40
2023-02-02,140.16
2023-02-03,139.97
2023-02-04,139.82
2023-02-05,139.66
2023-02-06,139.48
2023-02-07,139.30
2023-02-08,139.04
2023-02-09,138.86
2023-02-10,138.59
2023-02-11,138.26
2023-02-12,137.93
2023-02-13,137.66
2023-02-14,137.38
2023-02-15,137.24
2023-02-16,137.09
2023-02-17,137.05
2023-02-18,136.58
2023-02-19,136.44
2023-02-20,136.37
2023-02-21,136.29
2023-02-22,136.19
2023-02-23,136.22
2023-02-24,136.07
2023-02-25,136.32
2023-02-26,136.28
2023-02-27,136.11
2023-02-28,135.91
2023-03-01,135.30
2023-03-02,134.99
2023-03-03,134.77
2023-03-04,134.56
2023-03-05,134.42
2023-03-06,134.33
2023-03-07,134.16
2023-03-08,134.15
2023-03-09,133.91
2023-03-10,134.40
2023-03-11,134.98
2023-03-12,135.42
2023-03-13,135.79
2023-03-14,136.23
2023-03-15,136.97
2023-03-16,137.59
2023-03-17,137.55
2023-03-18,137.43
2023-03-19,137.28
2023-03-20,137.24
2023-03-21,137.22
2023-03-22,137.10
2023-03-23,136.86
2023-03-24,136.75
2023-03-25,136.59
2023-03-26,136.58
2023-03-27,136.52
2023-03-28,136.50
2023-03-29,136.39
2023-03-30,136.57
2023-03-31,136.57
2023-04-01,136.62
2023-04-02,136.63
2023-04-03,136.57
2023-04-04,136.64
2023-04-05,136.77
2023-04-06,136.74
2023-04-07,136.83
2023-04-08,136.91
2023-04-09,136.98
2023-04-10,137.15
2023-04-11,137.22
2023-04-12,137.33
2023-04-13,137.41
2023-04-14,137.32
2023-04-15,137.07
2023-04-16,137.07
2023-04-17,137.04
2023-04-18,136.99
2023-04-19,136.78
2023-04-20,136.71
2023-04-21,136.76
2023-04-22,137.03
2023-04-23,136.98
2023-04-24,136.95
2023-04-25,136.92
2023-04-26,137.03
2023-04-27,137.05
2023-04-28,137.03
2023-04-29,136.95
2023-04-30,136.89
2023-05-01,136.81
2023-05-02,136.77
2023-05-03,136.59
2023-05-04,136.25
2023-05-05,136.14
2023-05-06,136.07
2023-05-07,136.06
2023-05-08,135.96
2023-05-09,135.79
2023-05-10,135.75
2023-05-11,135.81
2023-05-12,135.13
2023-05-13,134.93
2023-05-14,134.71
2023-05-15,134.59
2023-05-16,134.37
2023-05-17,134.27
2023-05-18,134.26
2023-05-19,134.77
2023-05-20,134.82
2023-05-21,134.91
2023-05-22,135.02
2023-05-23,135.15
2023-05-24,135.20
2023-05-25,135.16
2023-05-26,135.10
2023-05-27,135.02
2023-05-28,134.86
2023-05-29,134.70
2023-05-30,134.58
2023-05-31,134.36
2023-06-01,134.14
2023-06-02,133.98
2023-06-03,133.78
2023-06-04,133.59
2023-06-05,133.41
2023-06-06,133.27
2023-06-07,133.17
2023-06-08,133.07
2023-06-09,132.90
2023-06-10,132.71
2023-06-11,132.58
2023-06-12,132.42
2023-06-13,132.30
2023-06-14,132.24
2023-06-15,132.19
2023-06-16,132.05
2023-06-17,132.01
2023-06-18,131.99
2023-06-19,131.94
2023-06-20,131.87
2023-06-21,131.69
2023-06-22,131.61
2023-06-23,131.58
2023-06-24,131.48
2023-06-25,131.25
2023-06-26,131.01
2023-06-27,130.80
2023-06-28,130.52
2023-06-29,130.49
2023-06-30,130.45
2023-07-01,130.40
2023-07-02,130.23
2023-07-03,130.15
2023-07-04,130.00
2023-07-05,130.10
2023-07-06,129.69
2023-07-07,129.41
2023-07-08,129.28
2023-07-09,129.29
2023-07-10,129.28
2023-07-11,129.35
2023-07-12,129.35
2023-07-13,129.54
2023-07-14,129.77
2023-07-15,129.84
2023-07-16,129.94
2023-07-17,129.99
2023-07-18,129.98
2023-07-19,129.92
2023-07-20,129.85
2023-07-21,129.79
2023-07-22,129.52
2023-07-23,129.54
2023-07-24,129.56
2023-07-25,129.65
2023-07-26,129.75
2023-07-27,129.84
2023-07-28,129.85
2023-07-29,130.13
2023-07-30,130.13
2023-07-31,130.12
2023-08-01,130.11
2023-08-02,130.05
2023-08-03,130.01
2023-08-04,129.98
2023-08-05,129.94
2023-08-06,129.88
2023-08-07,129.86
2023-08-08,129.81
2023-08-09,129.79
2023-08-10,129.77
2023-08-11,129.73
2023-08-12,129.60
2023-08-13,129.61
2023-08-14,129.58
2023-08-15,129.56
2023-08-16,129.54
2023-08-17,129.51
2023-08-18,129.50
2023-08-19,129.55
2023-08-20,129.52
2023-08-21,129.54
2023-08-22,129.40
2023-08-23,129.27
2023-08-24,129.20
2023-08-25,129.14
2023-08-26,129.08
2023-08-27,129.01
2023-08-28,128.95
2023-08-29,129.03
2023-08-30,129.12
2023-08-31,129.14
2023-09-01,129.05
2023-09-02,129.10
2023-09-03,129.05
2023-09-04,129.06
2023-09-05,129.01
2023-09-06,128.97
2023-09-07,129.00
2023-09-08,129.04
2023-09-09,129.06
2023-09-10,129.18
2023-09-11,129.25
2023-09-12,129.31
2023-09-13,129.37
2023-09-14,129.34
2023-09-15,129.32
2023-09-16,129.25
2023-09-17,128.94
2023-09-18,128.57
2023-09-19,128.26
2023-09-20,127.95
2023-09-21,127.76
2023-09-22,127.57
2023-09-23,127.34
2023-09-24,127.37
2023-09-25,127.47
2023-09-26,127.58
2023-09-27,127.66
2023-09-28,127.66
2023-09-29,127.67
2023-09-30,127.62
2023-10-01,127.55
2023-10-02,127.39
2023-10-03,127.27
2023-10-04,127.16
2023-10-05,127.07
2023-10-06,126.96
2023-10-07,126.97
2023-10-08,126.92
2023-10-09,126.92
2023-10-10,126.88
2023-10-11,126.82
2023-10-12,126.82
2023-10-13,126.83
2023-10-14,126.76
2023-10-15,126.83
2023-10-16,126.84
2023-10-17,126.82
2023-10-18,126.77
2023-10-19,126.69
2023-10-20,126.58
2023-10-21,126.38
2023-10-22,126.29
2023-10-23,126.17
2023-10-24,126.09
2023-10-25,126.04
2023-10-26,126.00
2023-10-27,125.93
2023-10-28,126.03
2023-10-29,125.88
2023-10-30,125.85
2023-10-31,125.81
2023-11-01,125.87
2023-11-02,125.83
2023-11-03,125.84
2023-11-04,125.79
2023-11-05,125.79
2023-11-06,125.71
2023-11-07,125.66
2023-11-08,125.49
2023-11-09,125.35
2023-11-10,125.27
2023-11-11,125.18
2023-11-12,125.06
2023-11-13,124.98
2023-11-14,124.87
2023-11-15,124.68
2023-11-16,124.67
2023-11-17,124.60
2023-11-18,124.45
2023-11-19,124.40
2023-11-20,124.37
2023-11-21,124.35
2023-11-22,124.22
2023-11-23,124.12
2023-11-24,123.97
2023-11-25,123.89
2023-11-26,123.76
2023-11-27,123.60
2023-11-28,123.48
2023-11-29,123.55
2023-11-30,123.45
2023-12-01,123.44
2023-12-02,123.41
2023-12-03,123.40
2023-12-04,123.41
2023-12-05,123.39
2023-12-06,123.34
2023-12-07,123.37
2023-12-08,123.38
2023-12-09,123.27
2023-12-10,123.32
2023-12-11,123.35
2023-12-12,123.33
2023-12-13,123.29
2023-12-14,123.25
2023-12-15,123.15
2023-12-16,123.16
2023-12-17,122.88
2023-12-18,122.71
2023-12-19,122.61
2023-12-20,122.53
2023-12-21,122.38
2023-12-22,122.30
2023-12-23,122.24
2023-12-24,122.34
2023-12-25,122.36
2023-12-26,122.35
2023-12-27,122.36
2023-12-28,122.36
2023-12-29,122.34
2023-12-30,122.29
2023-12-31,122.11
2024-01-01,121.87
2024-01-02,121.63
2024-01-03,121.45
2024-01-04,121.41
2024-01-05,121.40
2024-01-06,121.39
2024-01-07,121.48
2024-01-08,121.53
2024-01-09,121.65
2024-01-10,121.69
2024-01-11,121.63
2024-01-12,121.52
2024-01-13,121.41
2024-01-14,121.37
2024-01-15,121.34
2024-01-16,121.18
2024-01-17,121.05
2024-01-18,120.90
2024-01-19,120.81
2024-01-20,120.79
2024-01-21,120.70
2024-01-22,120.62
2024-01-23,120.63
2024-01-24,120.53
2024-01-25,120.45
2024-01-26,120.31
2024-01-27,120.24
2024-01-28,120.13
2024-01-29,120.05
2024-01-30,119.94
2024-01-31,119.88
2024-02-01,119.86
2024-02-02,119.83
2024-02-03,119.84
2024-02-04,119.79
2024-02-05,119.71
2024-02-06,119.67
2024-02-07,119.71
2024-02-08,119.71
2024-02-09,119.80
2024-02-10,119.77
2024-02-11,119.79
2024-02-12,119.89
2024-02-13,119.94
2024-02-14,120.01
2024-02-15,120.04
2024-02-16,120.03
2024-02-17,119.81
2024-02-18,119.86
2024-02-19,119.90
2024-02-20,119.93
2024-02-21,119.90
2024-02-22,119.78
2024-02-23,119.67
2024-02-24,119.87
2024-02-25,119.78
2024-02-26,119.66
2024-02-27,119.52
2024-02-28,119.41
2024-02-29,119.48
2024-03-01,119.39
2024-03-02,119.27
2024-03-03,119.22
2024-03-04,119.19
2024-03-05,119.22
2024-03-06,119.32
2024-03-07,119.35
2024-03-08,119.51
2024-03-09,119.71
2024-03-10,119.82
2024-03-11,119.92
2024-03-12,120.00
2024-03-13,120.05
2024-03-14,120.08
2024-03-15,120.17
2024-03-16,120.13
2024-03-17,120.15
2024-03-18,120.12
2024-03-19,120.11
2024-03-20,120.06
2024-03-21,120.03
2024-03-22,119.92
2024-03-23,119.89
2024-03-24,119.82
2024-03-25,119.84
2024-03-26,119.86
2024-03-27,119.89
2024-03-28,119.90
2024-03-29,119.96
2024-03-30,120.12
2024-03-31,120.28
2024-04-01,120.34
2024-04-02,120.39
2024-04-03,120.49
2024-04-04,120.59
2024-04-05,120.68
2024-04-06,120.61
2024-04-07,120.54
2024-04-08,120.54
2024-04-09,120.53
2024-04-10,120.48
2024-04-11,120.41
2024-04-12,120.30
2024-04-13,120.17
2024-04-14,120.06
2024-04-15,119.95
2024-04-16,119.76
2024-04-17,119.58
2024-04-18,119.34
2024-04-19,119.18
2024-04-20,118.94
2024-04-21,118.78
2024-04-22,118.60
2024-04-23,118.51
2024-04-24,118.35
2024-04-25,118.29
2024-04-26,118.16
2024-04-27,118.19
2024-04-28,118.14
2024-04-29,118.12
2024-04-30,118.04
2024-05-01,117.92
2024-05-02,117.79
2024-05-03,117.75
2024-05-04,117.66
2024-05-05,117.55
2024-05-06,117.41
2024-05-07,117.42
2024-05-08,117.44
2024-05-09,117.42
2024-05-10,117.38
2024-05-11,117.34
2024-05-12,117.30
2024-05-13,117.28
2024-05-14,117.19
2024-05-15,117.11
2024-05-16,117.04
2024-05-17,116.94
2024-05-18,116.59
2024-05-19,116.04
2024-05-20,115.47
2024-05-21,114.89
2024-05-22,114.83
2024-05-23,114.73
2024-05-24,114.64
2024-05-25,114.74
2024-05-26,115.09
2024-05-27,115.44
2024-05-28,115.73
2024-05-29,115.52
2024-05-30,115.39
2024-05-31,115.28
2024-06-01,115.26
2024-06-02,115.21
2024-06-03,115.20
2024-06-04,115.21
2024-06-05,115.29
2024-06-06,115.30
2024-06-07,115.33
2024-06-08,115.35
2024-06-09,115.35
2024-06-10,115.33
2024-06-11,115.31
2024-06-12,115.26
2024-06-13,115.16
2024-06-14,115.02
2024-06-15,114.81
2024-06-16,114.75
2024-06-17,114.69
2024-06-18,114.64
2024-06-19,114.57
2024-06-20,114.57
2024-06-21,114.48
2024-06-22,114.46
2024-06-23,114.34
2024-06-24,114.21
2024-06-25,114.02
2024-06-26,113.85
2024-06-27,113.66
2024-06-28,113.53
2024-06-29,113.57
2024-06-30,113.64
2024-07-01,113.69
2024-07-02,113.68
2024-07-03,113.75
2024-07-04,113.82
2024-07-05,113.93
2024-07-06,113.77
2024-07-07,113.63
2024-07-08,113.52
2024-07-09,113.56
2024-07-10,113.54
2024-07-11,113.54
2024-07-12,113.56
2024-07-13,113.65
2024-07-14,113.67
2024-07-15,113.72
2024-07-16,113.73
2024-07-17,113.77
2024-07-18,113.74
2024-07-19,113.75
2024-07-20,113.57
2024-07-21,113.67
2024-07-22,113.81
2024-07-23,113.99
2024-07-24,114.14
2024-07-25,114.33
2024-07-26,114.49
2024-07-27,114.78
2024-07-28,114.83
2024-07-29,114.83
2024-07-30,114.83
2024-07-31,114.83
2024-08-01,114.82
2024-08-02,114.84
2024-08-03,114.87
2024-08-04,114.82
2024-08-05,114.78
2024-08-06,114.68
2024-08-07,114.63
2024-08-08,114.56
2024-08-09,114.41
2024-08-10,114.27
2024-08-11,114.24
2024-08-12,114.19
2024-08-13,114.16
2024-08-14,114.07
2024-08-15,114.01
2024-08-16,114.00
2024-08-17,114.02
2024-08-18,113.96
2024-08-19,113.88
2024-08-20,113.74
2024-08-21,113.62
2024-08-22,113.50
2024-08-23,113.40
2024-08-24,113.26
2024-08-25,113.09
2024-08-26,112.97
2024-08-27,112.94
2024-08-28,112.94
2024-08-29,112.89
2024-08-30,112.82
2024-08-31,112.78
2024-09-01,112.80
2024-09-02,112.78
2024-09-03,112.71
2024-09-04,112.62
2024-09-05,112.54
2024-09-06,112.46
2024-09-07,112.52
2024-09-08,112.52
2024-09-09,112.54
2024-09-10,112.60
2024-09-11,112.69
2024-09-12,112.75
2024-09-13,112.83
2024-09-14,112.81
2024-09-15,112.80
2024-09-16,112.83
2024-09-17,112.90
2024-09-18,112.99
2024-09-19,113.10
2024-09-20,113.18
2024-09-21,113.21
2024-09-22,113.25
2024-09-23,113.28
2024-09-24,113.23
2024-09-25,113.14
2024-09-26,113.09
2024-09-27,113.01
2024-09-28,112.93
2024-09-29,112.93
2024-09-30,112.94
2024-10-01,112.87
2024-10-02,112.78
2024-10-03,112.62
2024-10-04,112.57
2024-10-05,112.55
2024-10-06,112.43
2024-10-07,112.27
2024-10-08,112.19
2024-10-09,112.10
2024-10-10,111.98
2024-10-11,111.59
2024-10-12,111.36
2024-10-13,111.16
2024-10-14,110.90
2024-10-15,110.65
2024-10-16,110.39
2024-10-17,110.20
2024-10-18,110.01
2024-10-19,109.59
2024-10-20,109.33
2024-10-21,109.06
2024-10-22,108.89
2024-10-23,108.72
2024-10-24,108.52
2024-10-25,108.52
2024-10-26,108.66
2024-10-27,108.65
2024-10-28,108.71
2024-10-29,108.72
2024-10-30,108.65
2024-10-31,108.78
2024-11-01,108.77
2024-11-02,108.89
2024-11-03,108.95
2024-11-04,108.96
2024-11-05,109.02
2024-11-06,109.14
2024-11-07,109.20
2024-11-08,109.37
2024-11-09,109.40
2024-11-10,109.48
2024-11-11,109.64
2024-11-12,109.72
2024-11-13,109.83
2024-11-14,109.87
2024-11-15,109.96
2024-11-16,109.98
2024-11-17,109.98
2024-11-18,110.00
2024-11-19,110.03
2024-11-20,110.05
2024-11-21,110.10
2024-11-22,110.23
2024-11-23,110.36
2024-11-24,110.51
2024-11-25,110.66
2024-11-26,110.81
2024-11-27,110.95
2024-11-28,111.07
2024-11-29,111.04
2024-11-30,111.02
2024-12-01,111.02
2024-12-02,111.03
2024-12-03,111.03
2024-12-04,111.03
2024-12-05,110.98
2024-12-06,111.03
2024-12-07,111.12
2024-12-08,111.16
2024-12-09,111.22
2024-12-10,111.25
2024-12-11,111.18
2024-12-12,111.25
2024-12-13,111.25
2024-12-14,111.09
2024-12-15,111.09
2024-12-16,111.06
2024-12-17,111.10
2024-12-18,111.22
2024-12-19,111.23
2024-12-20,111.26
2024-12-21,111.48
2024-12-22,111.59
2024-12-23,111.70
2024-12-24,111.76
2024-12-25,111.80
2024-12-26,111.85
2024-12-27,111.86
2024-12-28,111.88
2024-12-29,111.87
2024-12-30,111.87
2024-12-31,111.87
2025-01-01,111.73
2025-01-02,111.56
2025-01-03,111.45
2025-01-04,111.22
2025-01-05,110.99
2025-01-06,110.68
2025-01-07,110.44
2025-01-08,110.45
2025-01-09,110.55
2025-01-10,110.63
2025-01-11,110.61
2025-01-12,110.66
2025-01-13,110.74
2025-01-14,110.77
2025-01-15,110.81
2025-01-16,110.82
2025-01-17,110.82
2025-01-18,110.84
2025-01-19,110.89
2025-01-20,110.92
2025-01-21,110.92
2025-01-22,110.86
2025-01-23,110.81
2025-01-24,110.77
2025-01-25,110.80
2025-01-26,110.75
2025-01-27,110.68
2025-01-28,110.55
2025-01-29,110.54
2025-01-30,110.53
2025-01-31,110.49
2025-02-01,110.40
2025-02-02,110.34
2025-02-03,110.27
2025-02-04,110.31
2025-02-05,110.26
2025-02-06,110.22
2025-02-07,110.17
2025-02-08,110.20
2025-02-09,110.18
2025-02-10,110.21
2025-02-11,110.27
2025-02-12,110.34
2025-02-13,110.40
2025-02-14,110.44
2025-02-15,110.27
2025-02-16,110.33
2025-02-17,110.39
2025-02-18,110.32
2025-02-19,110.20
2025-02-20,110.09
2025-02-21,109.98
2025-02-22,110.13
2025-02-23,110.05
2025-02-24,109.97
2025-02-25,109.98
2025-02-26,109.94
2025-02-27,109.94
2025-02-28,109.98
2025-03-01,109.81
2025-03-02,109.79
2025-03-03,109.69
2025-03-04,109.55
2025-03-05,109.40
2025-03-06,109.38
2025-03-07,109.33
2025-03-08,109.38
2025-03-09,109.37
2025-03-10,109.31
2025-03-11,109.24
2025-03-12,109.31
2025-03-13,109.23
2025-03-14,109.17
2025-03-15,109.16
2025-03-16,109.15
2025-03-17,109.15
2025-03-18,109.20
2025-03-19,109.18
2025-03-20,109.10
2025-03-21,109.05
2025-03-22,108.93
2025-03-23,108.74
2025-03-24,108.62
2025-03-25,108.51
2025-03-26,108.43
2025-03-27,108.33
2025-03-28,108.19
